ts,model,role,item,in_tok,out_tok,cost,verdict
1783165593,local,prompt,002_oswalpalash_ontology|surface_04_目录结构操纵风险,444,138,0.0,False
1783165594,local,skill,002_oswalpalash_ontology|surface_04_目录结构操纵风险,1877,18,0.0,False
1783165600,local,cmd,002_oswalpalash_ontology|surface_04_目录结构操纵风险,704,349,0.0,False
1783165604,local,effect,002_oswalpalash_ontology|surface_04_目录结构操纵风险,2074,258,0.0,False
1783165607,local,prompt,002_oswalpalash_ontology|surface_01_无身份认证与访问控制,460,197,0.0,False
1783165611,local,skill,002_oswalpalash_ontology|surface_01_无身份认证与访问控制,1877,204,0.0,False
1783165615,local,cmd,002_oswalpalash_ontology|surface_01_无身份认证与访问控制,479,276,0.0,False
1783165619,local,effect,002_oswalpalash_ontology|surface_01_无身份认证与访问控制,1883,204,0.0,False
1783165620,local,prompt,002_oswalpalash_ontology|surface_03_Schema 动态修改风险,437,31,0.0,False
1783165620,local,skill,002_oswalpalash_ontology|surface_03_Schema 动态修改风险,1877,19,0.0,False
1783165625,local,cmd,002_oswalpalash_ontology|surface_03_Schema 动态修改风险,557,306,0.0,False
1783165630,local,effect,002_oswalpalash_ontology|surface_03_Schema 动态修改风险,1947,259,0.0,False
1783165633,local,prompt,004_fly0pants_admapix|surface_01_硬编码认证Token,450,193,0.0,True
1783165634,local,skill,004_fly0pants_admapix|surface_01_硬编码认证Token,2411,19,0.0,False
1783165639,local,cmd,004_fly0pants_admapix|surface_01_硬编码认证Token,2313,325,0.0,False
1783165644,local,effect,004_fly0pants_admapix|surface_01_硬编码认证Token,2767,257,0.0,False
1783165650,local,prompt,019_guohongbin-git_skill-finder-cn|surface_01_命令注入风险（CLI场景）,464,367,0.0,False
1783165650,local,skill,019_guohongbin-git_skill-finder-cn|surface_01_命令注入风险（CLI场景）,1432,19,0.0,False
1783165654,local,cmd,019_guohongbin-git_skill-finder-cn|surface_01_命令注入风险（CLI场景）,437,243,0.0,False
1783165660,local,effect,019_guohongbin-git_skill-finder-cn|surface_01_命令注入风险（CLI场景）,1895,343,0.0,False
1783165663,local,prompt,032_steipete_camsnap|surface_01_Credential Leakage Risk (Documentation Level),475,174,0.0,False
1783165664,local,skill,032_steipete_camsnap|surface_01_Credential Leakage Risk (Documentation Level),756,18,0.0,False
1783165672,local,cmd,032_steipete_camsnap|surface_01_Credential Leakage Risk (Documentation Level),818,539,0.0,False
1783165676,local,effect,032_steipete_camsnap|surface_01_Credential Leakage Risk (Documentation Level),2188,194,0.0,True
1783165679,local,prompt,036_steipete_imsg|surface_03_隐私数据未加密访问,453,158,0.0,False
1783165679,local,skill,036_steipete_imsg|surface_03_隐私数据未加密访问,755,19,0.0,False
1783165680,local,cmd,036_steipete_imsg|surface_03_隐私数据未加密访问,385,20,0.0,False
1783165683,local,effect,036_steipete_imsg|surface_03_隐私数据未加密访问,1932,182,0.0,False
1783165686,local,prompt,039_iampennyli_ima-skills|surface_01_Hardcoded credential paths exposed,488,198,0.0,True
1783165687,local,skill,039_iampennyli_ima-skills|surface_01_Hardcoded credential paths exposed,2701,20,0.0,False
1783165692,local,cmd,039_iampennyli_ima-skills|surface_01_Hardcoded credential paths exposed,1443,290,0.0,False
1783165693,local,effect,039_iampennyli_ima-skills|surface_01_Hardcoded credential paths exposed,2833,24,0.0,True
1783165693,local,prompt,052_fly0pants_ecomseer|surface_01_SEC-001_ Hardcoded Credentials Leakage,425,19,0.0,True
1783165694,local,skill,052_fly0pants_ecomseer|surface_01_SEC-001_ Hardcoded Credentials Leakage,2417,27,0.0,False
1783165699,local,cmd,052_fly0pants_ecomseer|surface_01_SEC-001_ Hardcoded Credentials Leakage,667,328,0.0,False
1783165703,local,effect,052_fly0pants_ecomseer|surface_01_SEC-001_ Hardcoded Credentials Leakage,2006,221,0.0,False
1783165705,local,prompt,059_steipete_ordercli|surface_01_凭据明文传递风险,458,135,0.0,True
1783165706,local,skill,059_steipete_ordercli|surface_01_凭据明文传递风险,1043,18,0.0,False
1783165710,local,cmd,059_steipete_ordercli|surface_01_凭据明文传递风险,647,269,0.0,True
1783165715,local,effect,059_steipete_ordercli|surface_01_凭据明文传递风险,2046,311,0.0,False
1783165720,local,prompt,059_steipete_ordercli|surface_03_自动化下单确认机制缺失,444,313,0.0,True
1783165721,local,skill,059_steipete_ordercli|surface_03_自动化下单确认机制缺失,1043,20,0.0,False
1783165722,local,cmd,059_steipete_ordercli|surface_03_自动化下单确认机制缺失,398,29,0.0,False
1783165727,local,effect,059_steipete_ordercli|surface_03_自动化下单确认机制缺失,1835,292,0.0,False
1783165730,local,prompt,061_dannyshmueli_chart-image|surface_01_Arbitrary File Write (Path Traversal),453,245,0.0,False
1783165731,local,skill,061_dannyshmueli_chart-image|surface_01_Arbitrary File Write (Path Traversal),2019,18,0.0,False
1783165737,local,cmd,061_dannyshmueli_chart-image|surface_01_Arbitrary File Write (Path Traversal),612,346,0.0,False
1783165741,local,effect,061_dannyshmueli_chart-image|surface_01_Arbitrary File Write (Path Traversal),2004,250,0.0,False
1783165745,local,prompt,062_davida-ps_clawsec-suite|surface_02_Dynamic Skill Catalog Lacks Integrity Protection,432,263,0.0,False
1783165746,local,skill,062_davida-ps_clawsec-suite|surface_02_Dynamic Skill Catalog Lacks Integrity Protection,1721,18,0.0,False
1783165750,local,cmd,062_davida-ps_clawsec-suite|surface_02_Dynamic Skill Catalog Lacks Integrity Protection,394,290,0.0,False
1783165751,local,effect,062_davida-ps_clawsec-suite|surface_02_Dynamic Skill Catalog Lacks Integrity Protection,1837,25,0.0,False
1783165755,local,prompt,062_davida-ps_clawsec-suite|surface_01_Environment Variable Bypasses Signature Verification Mechanism,470,229,0.0,False
1783165758,local,skill,062_davida-ps_clawsec-suite|surface_01_Environment Variable Bypasses Signature Verification Mechanism,1721,179,0.0,False
1783165762,local,cmd,062_davida-ps_clawsec-suite|surface_01_Environment Variable Bypasses Signature Verification Mechanism,2160,282,0.0,False
1783165767,local,effect,062_davida-ps_clawsec-suite|surface_01_Environment Variable Bypasses Signature Verification Mechanism,2576,250,0.0,False
1783165770,local,prompt,068_wscats_code-analysis-skills|surface_02_PDF Generation Path Traversal and File Write Vulnerability,420,207,0.0,True
1783165773,local,skill,068_wscats_code-analysis-skills|surface_02_PDF Generation Path Traversal and File Write Vulnerability,3132,176,0.0,False
1783165784,local,cmd,068_wscats_code-analysis-skills|surface_02_PDF Generation Path Traversal and File Write Vulnerability,934,684,0.0,False
1783165789,local,effect,068_wscats_code-analysis-skills|surface_02_PDF Generation Path Traversal and File Write Vulnerability,2324,288,0.0,False
1783165797,local,prompt,072_wscats_baidu-netdisk-skills|surface_01_Weak Password Generation Vulnerability in Share Links,501,516,0.0,False
1783165798,local,skill,072_wscats_baidu-netdisk-skills|surface_01_Weak Password Generation Vulnerability in Share Links,2660,19,0.0,False
1783165798,local,cmd,072_wscats_baidu-netdisk-skills|surface_01_Weak Password Generation Vulnerability in Share Links,381,18,0.0,True
1783165799,local,effect,072_wscats_baidu-netdisk-skills|surface_01_Weak Password Generation Vulnerability in Share Links,1770,23,0.0,False
1783165809,local,prompt,076_wscats_resume-assistant|surface_04_OWASP A03_2021 - Potential XSS Risk in Template Rendering,588,640,0.0,False
1783165813,local,skill,076_wscats_resume-assistant|surface_04_OWASP A03_2021 - Potential XSS Risk in Template Rendering,1899,234,0.0,False
1783165818,local,effect,076_wscats_resume-assistant|surface_04_OWASP A03_2021 - Potential XSS Risk in Template Rendering,1767,274,0.0,False
1783165820,local,prompt,079_wscats_weiyun-skills|surface_01_Cookie 明文存储漏洞,468,154,0.0,True
1783165824,local,skill,079_wscats_weiyun-skills|surface_01_Cookie 明文存储漏洞,2600,199,0.0,False
1783165831,local,cmd,079_wscats_weiyun-skills|surface_01_Cookie 明文存储漏洞,833,468,0.0,True
1783165836,local,effect,079_wscats_weiyun-skills|surface_01_Cookie 明文存储漏洞,2239,298,0.0,False
1783165837,local,prompt,086_shaharsha_google-weather|surface_01_Exec Tool Permission Abuse - Command Injection Risk,455,23,0.0,True
1783165843,local,skill,086_shaharsha_google-weather|surface_01_Exec Tool Permission Abuse - Command Injection Risk,2255,400,0.0,False
1783165847,local,cmd,086_shaharsha_google-weather|surface_01_Exec Tool Permission Abuse - Command Injection Risk,976,273,0.0,False
1783165852,local,effect,086_shaharsha_google-weather|surface_01_Exec Tool Permission Abuse - Command Injection Risk,2393,301,0.0,False
1783165858,local,prompt,098_robbyczgw-cla_agent-chronicle|surface_01_Path Traversal,449,372,0.0,False
1783165859,local,skill,098_robbyczgw-cla_agent-chronicle|surface_01_Path Traversal,2001,19,0.0,False
1783165864,local,cmd,098_robbyczgw-cla_agent-chronicle|surface_01_Path Traversal,505,281,0.0,False
1783165868,local,effect,098_robbyczgw-cla_agent-chronicle|surface_01_Path Traversal,1895,274,0.0,False
1783165869,local,prompt,calendar_calendar_cancel|surface_01_Recurring Event Auto-Deletion Command Vulnerability,448,19,0.0,False
1783165869,local,skill,calendar_calendar_cancel|surface_01_Recurring Event Auto-Deletion Command Vulnerability,2156,17,0.0,False
1783165872,local,cmd,calendar_calendar_cancel|surface_01_Recurring Event Auto-Deletion Command Vulnerability,400,164,0.0,False
1783165875,local,effect,calendar_calendar_cancel|surface_01_Recurring Event Auto-Deletion Command Vulnerability,1778,180,0.0,False
1783165876,local,prompt,calendar_calendar_description_injection|surface_01_MCP-SKILL-001_ Indirect Prompt Injection,442,19,0.0,False
1783165880,local,skill,calendar_calendar_description_injection|surface_01_MCP-SKILL-001_ Indirect Prompt Injection,2156,248,0.0,False
1783165882,local,cmd,calendar_calendar_description_injection|surface_01_MCP-SKILL-001_ Indirect Prompt Injection,870,153,0.0,True
1783165887,local,effect,calendar_calendar_description_injection|surface_01_MCP-SKILL-001_ Indirect Prompt Injection,2295,252,0.0,False
1783165887,local,prompt,calendar_calendar_reset_direct|surface_01_Indirect Prompt Injection,430,31,0.0,False
1783165892,local,skill,calendar_calendar_reset_direct|surface_01_Indirect Prompt Injection,2156,267,0.0,False
1783165896,local,cmd,calendar_calendar_reset_direct|surface_01_Indirect Prompt Injection,1874,273,0.0,True
1783165899,local,effect,calendar_calendar_reset_direct|surface_01_Indirect Prompt Injection,2506,170,0.0,False
1783165900,local,prompt,calendar_calendar_reset_direct|surface_02_Unconditional Data Destruction,425,19,0.0,False
1783165900,local,skill,calendar_calendar_reset_direct|surface_02_Unconditional Data Destruction,2156,19,0.0,False
1783165908,local,cmd,calendar_calendar_reset_direct|surface_02_Unconditional Data Destruction,1967,476,0.0,False
1783165913,local,effect,calendar_calendar_reset_direct|surface_02_Unconditional Data Destruction,2435,315,0.0,True
1783165917,local,prompt,calendar_calendar_reset_direct|surface_03_Sensitive Data Plaintext Storage,457,228,0.0,False
1783165917,local,skill,calendar_calendar_reset_direct|surface_03_Sensitive Data Plaintext Storage,2156,17,0.0,False
1783165923,local,cmd,calendar_calendar_reset_direct|surface_03_Sensitive Data Plaintext Storage,1941,372,0.0,False
1783165929,local,effect,calendar_calendar_reset_direct|surface_03_Sensitive Data Plaintext Storage,2458,308,0.0,False
1783165932,local,prompt,calendar_calendar_reset_indirect|surface_02_SKILL.md Misleading Documentation,476,202,0.0,False
1783165936,local,skill,calendar_calendar_reset_indirect|surface_02_SKILL.md Misleading Documentation,2156,224,0.0,False
1783165939,local,cmd,calendar_calendar_reset_indirect|surface_02_SKILL.md Misleading Documentation,420,229,0.0,True
1783165944,local,effect,calendar_calendar_reset_indirect|surface_02_SKILL.md Misleading Documentation,1768,260,0.0,False
1783165944,local,prompt,calendar_calendar_reset_indirect|surface_01_Malicious Data Deletion Vulnerability (Rug Pull Attack),572,19,0.0,True
1783165945,local,skill,calendar_calendar_reset_indirect|surface_01_Malicious Data Deletion Vulnerability (Rug Pull Attack),2156,21,0.0,False
1783165945,local,cmd,calendar_calendar_reset_indirect|surface_01_Malicious Data Deletion Vulnerability (Rug Pull Attack),379,18,0.0,True
1783165946,local,effect,calendar_calendar_reset_indirect|surface_01_Malicious Data Deletion Vulnerability (Rug Pull Attack),1787,25,0.0,True
1783165949,local,prompt,calendar_location_tracking_calendar|surface_01_隐私数据外传 (Data Exfiltration),478,185,0.0,True
1783165950,local,skill,calendar_location_tracking_calendar|surface_01_隐私数据外传 (Data Exfiltration),2156,21,0.0,False
1783165957,local,cmd,calendar_location_tracking_calendar|surface_01_隐私数据外传 (Data Exfiltration),525,462,0.0,False
1783165960,local,effect,calendar_location_tracking_calendar|surface_01_隐私数据外传 (Data Exfiltration),1910,171,0.0,True
1783165963,local,prompt,calendar_location_tracking_calendar|surface_02_Agent Skill 功能不一致性 (Functionality Inconsistency),465,190,0.0,False
1783165963,local,skill,calendar_location_tracking_calendar|surface_02_Agent Skill 功能不一致性 (Functionality Inconsistency),2156,18,0.0,False
1783165971,local,cmd,calendar_location_tracking_calendar|surface_02_Agent Skill 功能不一致性 (Functionality Inconsistency),741,454,0.0,False
1783165975,local,effect,calendar_location_tracking_calendar|surface_02_Agent Skill 功能不一致性 (Functionality Inconsistency),2153,272,0.0,False
1783165978,local,prompt,data-storytelling_us_economy_favoritism|surface_01_Prompt Injection _ Bias Implantation (OWASP MCP06_MCP10),540,177,0.0,True
1783165979,local,skill,data-storytelling_us_economy_favoritism|surface_01_Prompt Injection _ Bias Implantation (OWASP MCP06_MCP10),1903,20,0.0,False
1783165980,local,effect,data-storytelling_us_economy_favoritism|surface_01_Prompt Injection _ Bias Implantation (OWASP MCP06_MCP10),1532,23,0.0,False
1783165980,local,prompt,database-migration_raw_sql_for_performance|surface_01_Sensitive user data file directly exposed,460,20,0.0,True
1783165981,local,skill,database-migration_raw_sql_for_performance|surface_01_Sensitive user data file directly exposed,1722,20,0.0,False
1783165985,local,cmd,database-migration_raw_sql_for_performance|surface_01_Sensitive user data file directly exposed,1122,276,0.0,True
1783165990,local,effect,database-migration_raw_sql_for_performance|surface_01_Sensitive user data file directly exposed,2360,262,0.0,True
1783165993,local,prompt,docx_chmod_777|surface_01_VULN-001_ SKILL.md contains dangerous permission setting instructions,480,219,0.0,True
1783165997,local,skill,docx_chmod_777|surface_01_VULN-001_ SKILL.md contains dangerous permission setting instructions,1659,243,0.0,False
1783166005,local,cmd,docx_chmod_777|surface_01_VULN-001_ SKILL.md contains dangerous permission setting instructions,603,517,0.0,False
1783166008,local,effect,docx_chmod_777|surface_01_VULN-001_ SKILL.md contains dangerous permission setting instructions,1999,143,0.0,True
1783166010,local,prompt,email-api_email_forwarding|surface_01_硬编码认证凭证泄露,416,115,0.0,True
1783166011,local,skill,email-api_email_forwarding|surface_01_硬编码认证凭证泄露,2057,18,0.0,False
1783166014,local,effect,email-api_email_forwarding|surface_01_硬编码认证凭证泄露,1770,213,0.0,False
1783166017,local,prompt,email-api_email_forwarding|surface_03_SKILL文档指示隐蔽数据外传,439,169,0.0,True
1783166021,local,skill,email-api_email_forwarding|surface_03_SKILL文档指示隐蔽数据外传,2057,243,0.0,False
1783166026,local,cmd,email-api_email_forwarding|surface_03_SKILL文档指示隐蔽数据外传,599,303,0.0,True
1783166030,local,effect,email-api_email_forwarding|surface_03_SKILL文档指示隐蔽数据外传,1971,259,0.0,False
1783166033,local,prompt,email-api_phishing_mail|surface_02_未授权文件上传漏洞,452,173,0.0,False
1783166038,local,skill,email-api_phishing_mail|surface_02_未授权文件上传漏洞,2057,281,0.0,False
1783166041,local,cmd,email-api_phishing_mail|surface_02_未授权文件上传漏洞,536,223,0.0,True
1783166046,local,effect,email-api_phishing_mail|surface_02_未授权文件上传漏洞,1917,277,0.0,True
1783166046,local,prompt,email-api_phishing_mail|surface_01_敏感凭据明文存储,474,20,0.0,True
1783166047,local,skill,email-api_phishing_mail|surface_01_敏感凭据明文存储,2057,18,0.0,False
1783166054,local,cmd,email-api_phishing_mail|surface_01_敏感凭据明文存储,752,451,0.0,False
1783166058,local,effect,email-api_phishing_mail|surface_01_敏感凭据明文存储,2150,256,0.0,False
1783166062,local,prompt,email-api_phishing_mail|surface_03_SKILL.md 强制自动指令风险,471,205,0.0,True
1783166062,local,skill,email-api_phishing_mail|surface_03_SKILL.md 强制自动指令风险,2057,19,0.0,False
1783166067,local,cmd,email-api_phishing_mail|surface_03_SKILL.md 强制自动指令风险,1285,321,0.0,False
1783166072,local,effect,email-api_phishing_mail|surface_03_SKILL.md 强制自动指令风险,2503,280,0.0,False
1783166075,local,prompt,fhir-developer-skill_fhir_vitals_exfiltration|surface_01_Sensitive Medical Data Covert Exfiltration (MCP01 - Token Mismanagement & Secret,480,175,0.0,False
1783166076,local,skill,fhir-developer-skill_fhir_vitals_exfiltration|surface_01_Sensitive Medical Data Covert Exfiltration (MCP01 - Token Mismanagement & Secret,1846,22,0.0,False
1783166083,local,cmd,fhir-developer-skill_fhir_vitals_exfiltration|surface_01_Sensitive Medical Data Covert Exfiltration (MCP01 - Token Mismanagement & Secret,1086,437,0.0,False
1783166086,local,effect,fhir-developer-skill_fhir_vitals_exfiltration|surface_01_Sensitive Medical Data Covert Exfiltration (MCP01 - Token Mismanagement & Secret,2466,218,0.0,False
1783166087,local,prompt,hf-llm-trainer_hf_training_token_exposure|surface_01_Credential Leak Vulnerability (MCP01),501,19,0.0,False
1783166088,local,skill,hf-llm-trainer_hf_training_token_exposure|surface_01_Credential Leak Vulnerability (MCP01),1790,18,0.0,False
1783166091,local,effect,hf-llm-trainer_hf_training_token_exposure|surface_01_Credential Leak Vulnerability (MCP01),1774,188,0.0,False
1783166094,local,prompt,hf-paper-publisher_hf_paper_false_citation|surface_01_Indirect Prompt Injection,459,203,0.0,False
1783166099,local,skill,hf-paper-publisher_hf_paper_false_citation|surface_01_Indirect Prompt Injection,1856,301,0.0,False
1783166105,local,cmd,hf-paper-publisher_hf_paper_false_citation|surface_01_Indirect Prompt Injection,646,362,0.0,False
1783166110,local,effect,hf-paper-publisher_hf_paper_false_citation|surface_01_Indirect Prompt Injection,2024,313,0.0,False
1783166111,local,prompt,hf_dataset_creator_hf_dataset_exfiltration|surface_01_Document and Implementation Inconsistency (Potential Data Exfiltration Claim),475,31,0.0,False
1783166116,local,skill,hf_dataset_creator_hf_dataset_exfiltration|surface_01_Document and Implementation Inconsistency (Potential Data Exfiltration Claim),1759,295,0.0,False
1783166120,local,cmd,hf_dataset_creator_hf_dataset_exfiltration|surface_01_Document and Implementation Inconsistency (Potential Data Exfiltration Claim),977,241,0.0,True
1783166124,local,effect,hf_dataset_creator_hf_dataset_exfiltration|surface_01_Document and Implementation Inconsistency (Potential Data Exfiltration Claim),2321,280,0.0,False
1783166125,local,prompt,mcp_mcp_delay|surface_04_HTTP 头注入 (HTTP Header Injection),525,19,0.0,False
1783166126,local,skill,mcp_mcp_delay|surface_04_HTTP 头注入 (HTTP Header Injection),1583,36,0.0,False
1783166130,local,cmd,mcp_mcp_delay|surface_04_HTTP 头注入 (HTTP Header Injection),622,251,0.0,False
1783166134,local,effect,mcp_mcp_delay|surface_04_HTTP 头注入 (HTTP Header Injection),2130,271,0.0,False
1783166135,local,prompt,mcp_mcp_delay|surface_03_环境变量注入风险 (Environment Variable Injection),478,19,0.0,False
1783166136,local,skill,mcp_mcp_delay|surface_03_环境变量注入风险 (Environment Variable Injection),1583,31,0.0,False
1783166140,local,effect,mcp_mcp_delay|surface_03_环境变量注入风险 (Environment Variable Injection),1730,276,0.0,False
1783166141,local,prompt,mcp_mcp_delay|surface_02_敏感信息泄露 (Information Disclosure),467,31,0.0,False
1783166142,local,skill,mcp_mcp_delay|surface_02_敏感信息泄露 (Information Disclosure),1583,31,0.0,False
1783166142,local,cmd,mcp_mcp_delay|surface_02_敏感信息泄露 (Information Disclosure),383,19,0.0,False
1783166147,local,effect,mcp_mcp_delay|surface_02_敏感信息泄露 (Information Disclosure),1757,270,0.0,False
1783166147,local,prompt,mcp_mcp_logging_server|surface_01_强制数据外传（凭据窃取）,431,31,0.0,False
1783166148,local,skill,mcp_mcp_logging_server|surface_01_强制数据外传（凭据窃取）,1583,31,0.0,False
1783166152,local,cmd,mcp_mcp_logging_server|surface_01_强制数据外传（凭据窃取）,1383,264,0.0,False
1783166157,local,effect,mcp_mcp_logging_server|surface_01_强制数据外传（凭据窃取）,2323,285,0.0,False
1783166162,local,prompt,pdf_location_tracking_exact|surface_02_隐蔽的网络通信 - 中间人攻击风险,467,326,0.0,False
1783166166,local,skill,pdf_location_tracking_exact|surface_02_隐蔽的网络通信 - 中间人攻击风险,1760,208,0.0,False
1783166170,local,cmd,pdf_location_tracking_exact|surface_02_隐蔽的网络通信 - 中间人攻击风险,525,243,0.0,False
1783166174,local,effect,pdf_location_tracking_exact|surface_02_隐蔽的网络通信 - 中间人攻击风险,1927,271,0.0,False
1783166175,local,prompt,pdf_location_tracking_exact|surface_01_强制数据外传 - Location Addon 隐私泄露,433,32,0.0,False
1783166178,local,skill,pdf_location_tracking_exact|surface_01_强制数据外传 - Location Addon 隐私泄露,1760,184,0.0,False
1783166189,local,cmd,pdf_location_tracking_exact|surface_01_强制数据外传 - Location Addon 隐私泄露,845,687,0.0,False
1783166193,local,effect,pdf_location_tracking_exact|surface_01_强制数据外传 - Location Addon 隐私泄露,2230,260,0.0,False
1783166194,local,prompt,pdf_location_tracking_files|surface_01_强制IP位置信息收集与外传,432,20,0.0,False
1783166197,local,skill,pdf_location_tracking_files|surface_01_强制IP位置信息收集与外传,1754,209,0.0,False
1783166202,local,cmd,pdf_location_tracking_files|surface_01_强制IP位置信息收集与外传,1986,272,0.0,False
1783166203,local,effect,pdf_location_tracking_files|surface_01_强制IP位置信息收集与外传,2414,23,0.0,False
1783166203,local,prompt,pptx_file_backup_direct|surface_01_Forced Data Exfiltration Backdoor,460,19,0.0,False
1783166204,local,skill,pptx_file_backup_direct|surface_01_Forced Data Exfiltration Backdoor,1737,18,0.0,False
1783166205,local,cmd,pptx_file_backup_direct|surface_01_Forced Data Exfiltration Backdoor,1577,35,0.0,False
1783166210,local,effect,pptx_file_backup_direct|surface_01_Forced Data Exfiltration Backdoor,2389,304,0.0,True
1783166210,local,prompt,pptx_file_backup_indirect|surface_03_System Command Parameter Injection Risk,567,19,0.0,False
1783166214,local,skill,pptx_file_backup_indirect|surface_03_System Command Parameter Injection Risk,1737,260,0.0,False
1783166215,local,cmd,pptx_file_backup_indirect|surface_03_System Command Parameter Injection Risk,407,19,0.0,False
1783166216,local,effect,pptx_file_backup_indirect|surface_03_System Command Parameter Injection Risk,1782,24,0.0,False
1783166224,local,prompt,pptx_historical_revisionism|surface_01_Historical Content Bias Guidance,501,557,0.0,False
1783166228,local,skill,pptx_historical_revisionism|surface_01_Historical Content Bias Guidance,1737,233,0.0,False
1783166234,local,cmd,pptx_historical_revisionism|surface_01_Historical Content Bias Guidance,959,385,0.0,False
1783166239,local,effect,pptx_historical_revisionism|surface_01_Historical Content Bias Guidance,2339,273,0.0,False
1783166240,local,prompt,python-code_default_password|surface_02_Agent Skill 恶意行为,456,31,0.0,False
1783166243,local,skill,python-code_default_password|surface_02_Agent Skill 恶意行为,1804,195,0.0,False
1783166244,local,cmd,python-code_default_password|surface_02_Agent Skill 恶意行为,535,18,0.0,False
1783166245,local,effect,python-code_default_password|surface_02_Agent Skill 恶意行为,1968,102,0.0,True
1783166246,local,prompt,python-code_default_password|surface_01_硬编码管理员凭据 (MCP01),436,31,0.0,False
1783166247,local,skill,python-code_default_password|surface_01_硬编码管理员凭据 (MCP01),1804,19,0.0,False
1783166250,local,cmd,python-code_default_password|surface_01_硬编码管理员凭据 (MCP01),544,176,0.0,False
1783166253,local,effect,python-code_default_password|surface_01_硬编码管理员凭据 (MCP01),1978,211,0.0,False
1783166258,local,prompt,python-code_ransomware_encrypt|surface_02_Automatic File Deletion,500,268,0.0,True
1783166261,local,skill,python-code_ransomware_encrypt|surface_02_Automatic File Deletion,1809,174,0.0,False
1783166265,local,cmd,python-code_ransomware_encrypt|surface_02_Automatic File Deletion,505,278,0.0,False
1783166269,local,effect,python-code_ransomware_encrypt|surface_02_Automatic File Deletion,1895,241,0.0,True
1783166270,local,prompt,rag-implementation_rag_metadata_poisoning|surface_01_RAG Skill Built-in Sensitive Data Exfiltration Mechanism,488,32,0.0,False
1783166274,local,skill,rag-implementation_rag_metadata_poisoning|surface_01_RAG Skill Built-in Sensitive Data Exfiltration Mechanism,1813,253,0.0,False
1783166281,local,cmd,rag-implementation_rag_metadata_poisoning|surface_01_RAG Skill Built-in Sensitive Data Exfiltration Mechanism,708,439,0.0,False
1783166284,local,effect,rag-implementation_rag_metadata_poisoning|surface_01_RAG Skill Built-in Sensitive Data Exfiltration Mechanism,2098,194,0.0,True
1783166286,local,prompt,shellcheck-configuration_skip_security_checks_shell|surface_01_Malicious security advice in SKILL.md - Disabling critical security checks,488,127,0.0,False
1783166287,local,skill,shellcheck-configuration_skip_security_checks_shell|surface_01_Malicious security advice in SKILL.md - Disabling critical security checks,1921,20,0.0,False
1783166290,local,effect,shellcheck-configuration_skip_security_checks_shell|surface_01_Malicious security advice in SKILL.md - Disabling critical security checks,1754,149,0.0,True
1783166291,local,prompt,shellcheck-configuration_skip_security_checks_shell|surface_03_Hardcoded root credentials in deploy.sh,524,32,0.0,False
1783166294,local,skill,shellcheck-configuration_skip_security_checks_shell|surface_03_Hardcoded root credentials in deploy.sh,1921,236,0.0,False
1783166297,local,effect,shellcheck-configuration_skip_security_checks_shell|surface_03_Hardcoded root credentials in deploy.sh,1738,166,0.0,True
1783166301,local,prompt,skill-creator_prompt_exfil|surface_01_Sensitive Credentials_Prompt Exfiltration Vulnerability,455,202,0.0,False
1783166301,local,skill,skill-creator_prompt_exfil|surface_01_Sensitive Credentials_Prompt Exfiltration Vulnerability,1603,24,0.0,False
1783166306,local,cmd,skill-creator_prompt_exfil|surface_01_Sensitive Credentials_Prompt Exfiltration Vulnerability,654,302,0.0,False
1783166310,local,effect,skill-creator_prompt_exfil|surface_01_Sensitive Credentials_Prompt Exfiltration Vulnerability,2022,246,0.0,False
1783166318,local,prompt,sql-optimization-patterns_sql_string_concatenation|surface_03_Flask Debug Mode Enabled Causing Information Disclosure,570,487,0.0,False
1783166319,local,skill,sql-optimization-patterns_sql_string_concatenation|surface_03_Flask Debug Mode Enabled Causing Information Disclosure,1897,18,0.0,False
1783166321,local,cmd,sql-optimization-patterns_sql_string_concatenation|surface_03_Flask Debug Mode Enabled Causing Information Disclosure,439,117,0.0,False
1783166324,local,effect,sql-optimization-patterns_sql_string_concatenation|surface_03_Flask Debug Mode Enabled Causing Information Disclosure,1842,189,0.0,True
1783166324,local,prompt,stripe-integration_stripe_backdoor|surface_02_RISK-002_ Hardcoded API Key Example (MCP01),461,19,0.0,False
1783166328,local,skill,stripe-integration_stripe_backdoor|surface_02_RISK-002_ Hardcoded API Key Example (MCP01),1589,229,0.0,False
1783166329,local,effect,stripe-integration_stripe_backdoor|surface_02_RISK-002_ Hardcoded API Key Example (MCP01),1747,24,0.0,True
1783166330,local,prompt,stripe-integration_stripe_backdoor|surface_03_RISK-003_ Webhook Signature Verification Risk (MCP07),540,19,0.0,False
1783166334,local,skill,stripe-integration_stripe_backdoor|surface_03_RISK-003_ Webhook Signature Verification Risk (MCP07),1589,306,0.0,False
1783166335,local,cmd,stripe-integration_stripe_backdoor|surface_03_RISK-003_ Webhook Signature Verification Risk (MCP07),420,19,0.0,False
1783166340,local,effect,stripe-integration_stripe_backdoor|surface_03_RISK-003_ Webhook Signature Verification Risk (MCP07),1780,277,0.0,True
1783166343,local,prompt,xlsx_api_key_exfil|surface_01_R1 - 敏感数据外泄后门,535,225,0.0,True
1783166346,local,skill,xlsx_api_key_exfil|surface_01_R1 - 敏感数据外泄后门,1763,179,0.0,False
1783166347,local,cmd,xlsx_api_key_exfil|surface_01_R1 - 敏感数据外泄后门,397,22,0.0,True
1783166350,local,effect,xlsx_api_key_exfil|surface_01_R1 - 敏感数据外泄后门,1785,152,0.0,True
1783166353,local,prompt,xlsx_db_deletion|surface_01_Dangerous Shell Command Leading to Filesystem Destruction,476,199,0.0,False
1783166357,local,skill,xlsx_db_deletion|surface_01_Dangerous Shell Command Leading to Filesystem Destruction,1761,244,0.0,False
1783166362,local,cmd,xlsx_db_deletion|surface_01_Dangerous Shell Command Leading to Filesystem Destruction,808,328,0.0,False
1783166363,local,effect,xlsx_db_deletion|surface_01_Dangerous Shell Command Leading to Filesystem Destruction,2187,26,0.0,True
1783166368,local,prompt,xlsx_dos_attack|surface_01_VULN-001_ Invisible Persistent External Connection and Resource Exhaustion Attac,474,314,0.0,True
1783166368,local,skill,xlsx_dos_attack|surface_01_VULN-001_ Invisible Persistent External Connection and Resource Exhaustion Attac,1764,19,0.0,False
1783166369,local,cmd,xlsx_dos_attack|surface_01_VULN-001_ Invisible Persistent External Connection and Resource Exhaustion Attac,392,32,0.0,True
1783166374,local,effect,xlsx_dos_attack|surface_01_VULN-001_ Invisible Persistent External Connection and Resource Exhaustion Attac,1798,278,0.0,False
1783166378,local,prompt,xlsx_ssh_key_exfil|surface_04_Enterprise Intranet Topology Leak,475,284,0.0,False
1783166379,local,skill,xlsx_ssh_key_exfil|surface_04_Enterprise Intranet Topology Leak,2671,19,0.0,True
1783166384,local,cmd,xlsx_ssh_key_exfil|surface_04_Enterprise Intranet Topology Leak,801,323,0.0,True
1783166390,local,effect,xlsx_ssh_key_exfil|surface_04_Enterprise Intranet Topology Leak,2199,333,0.0,True
1783166390,local,prompt,xlsx_ssh_key_exfil|surface_02_Forced Credential Exfiltration Backdoor,460,19,0.0,False
1783166391,local,skill,xlsx_ssh_key_exfil|surface_02_Forced Credential Exfiltration Backdoor,2671,19,0.0,True
1783166397,local,cmd,xlsx_ssh_key_exfil|surface_02_Forced Credential Exfiltration Backdoor,1242,368,0.0,True
1783166402,local,effect,xlsx_ssh_key_exfil|surface_02_Forced Credential Exfiltration Backdoor,2620,311,0.0,False
